anum	group	name	role
A000005	supporting	d(n) (also called tau(n) or sigma_0(n)), the number of divisors of n.	rectangles by area, the bottom rung of the convex-polyomino ladder
A000009	supporting	Expansion of Product_{m >= 1} (1 + x^m); number of partitions of n into distinct parts; number of partitions of n into odd parts.	multiset partitions c* of one element repeated n times (distinct-part partitions)
A000032	metallic	Lucas numbers beginning at 2: L(n) = L(n-1) + L(n-2), L(0) = 2, L(1) = 1.	Lucas numbers (companion of Fibonacci)
A000041	supporting	a(n) is the number of partitions of n (the partition numbers).	Ferrers diagrams by area
A000045	count	Fibonacci numbers: F(n) = F(n-1) + F(n-2) with F(0) = 0 and F(1) = 1.	prime castles of area n number F_{n-1}; tree castles of height 2 of width w number F_{w+2} - 1 (see A000071)
A000071	count	a(n) = Fibonacci(n) - 1.	tree castles of height 2 (Fibonacci castles) of width w: the term A000071(w+2) = F_{w+2} - 1
A000073	count	Tribonacci numbers: a(n) = a(n-1) + a(n-2) + a(n-3) for n >= 3 with a(0) = a(1) = 0 and a(2) = 1.	bounded-height castles by area, height ≤ 3: tribonacci, `=A000073(A+2)`
A000078	count	Tetranacci numbers: a(n) = a(n-1) + a(n-2) + a(n-3) + a(n-4) for n >= 4 with a(0) = a(1) = a(2) = 0 and a(3) = 1.	bounded-height castles by area, height ≤ 4: tetranacci, `=A000078(A+3)`
A000079	supporting	Powers of 2: a(n) = 2^n.	powers of 2 (P_even(2,L) = 2^L)
A000108	count	Catalan numbers: C(n) = binomial(2n,n)/(n+1) = (2n)!/(n!(n+1)!).	castles whose columns drop by at most 1, last column at height 1, by width (`=C_w`)
A000124	supporting	Central polygonal numbers (the Lazy Caterer's sequence): n(n+1)/2 + 1; or, maximal number of pieces formed when slicing a pancake with n cuts.	unimodal height-2 castles `1 + C(w+1,2)`, the `g -> infinity` limit of the `h=2` tower-spacing row
A000129	count	Pell numbers: a(0) = 0, a(1) = 1; for n > 1, a(n) = 2*a(n-1) + a(n-2).	anchored 1-smooth height-≤3 castle strip, `P⋆_w` strips of width `w` (the Pell castle strip); integer realization of 1 + √2
A000142	supporting	Factorial numbers: n! = 1*2*3*4*...*n (order of symmetric group S_n, number of permutations of n letters).	rainbow castles: exactly h! at width h
A000217	supporting	Triangular numbers: a(n) = binomial(n+1,2) = n*(n+1)/2 = 0 + 1 + 2 + ... + n.	height-2 castles whose second row is a single run; F(4,2) = C(5,2) = 10
A000225	count	a(n) = 2^n - 1. (Sometimes called Mersenne numbers, although that name is usually reserved for A001348.)	total height-2 castles (Mersenne): F(w,2) + odd(w,2) = 2^w - 1
A000447	count	a(n) = 1^2 + 3^2 + 5^2 + 7^2 + ... + (2*n-1)^2 = n*(4*n^2 - 1)/3.	|P(2m+1,4)| bisection: 4·A000447 = A199833
A000568	supporting	Number of outcomes of unlabeled n-team round-robin tournaments.	ambient count for unique tournaments; A000568(8) = 6880 is the isomorphism-class count the tree-castle bijection was checked against
A000570	count	Number of tournaments on n nodes determined by their score vectors.	tree castles of height 4 by area: T_(h=4)(A) = A000570(A+1); Tetali's classification of the four basic unique tournaments (sizes 1, 3, 4, 5) is proved in [[tetali-1998-unique-tournaments](pages/tetali-1998-unique-tournaments.md)] (JCTB 72:157-159, 1998), ingested to `raw/`
A000571	supporting	Number of different score sequences that are possible in an n-team round-robin tournament.	upper bound on unique tournaments u_n ≤ A000571(n), equality through n = 4
A000700	supporting	Expansion of Product_{k>=0} (1 + x^(2k+1)); number of partitions of n into distinct odd parts; number of self-conjugate partitions; number of symmetric Ferrers graphs with n nodes.	height-signed Ferrers diagrams by area, `(-1)^n A000700(n)`
A000749	supporting	a(n) = 4*a(n-1) - 6*a(n-2) + 4*a(n-3), n > 3, with a(0)=a(1)=a(2)=0, a(3)=1.	sum of every 4th binomial (hyperbolic family, k=3 residue)
A000930	count	Narayana's cows sequence: a(0) = a(1) = a(2) = 1; thereafter a(n) = a(n-1) + a(n-3).	tree castles of height 2 with n cells number A000930(n+1) - 1 (see A077868); spaced Fibonacci castles of width w number A000930(w+2) - 1
A000931	plastic	Padovan sequence (or Padovan numbers): a(n) = a(n-2) + a(n-3) with a(0) = 1, a(1) = a(2) = 0.	Padovan (plastic Fibonacci): a(n) = a(n-2) + a(n-3); also palindromic tree castles of n cells = A000931(n+6); maximal Fibonacci castles of width w: A000931(w+6); plastic strip (rule 1->3, 2->1, 3->{1,2}) of width w: A000931(w+9)
A001006	count	Motzkin numbers: number of ways of drawing any number of nonintersecting chords joining n (labeled) points on a circle.	Motzkin-path castles (1-smooth, end columns at height 1), `=M_{w-1}`
A001035	supporting	Number of partially ordered sets ("posets") with n labeled elements (or labeled acyclic transitive digraphs).	strip rules whose half-column has nonnegative weights: 3, 19, 219 at heights 2, 3, 4; the rule is a poset on the heights (fractional-width-and-height)
A001045	count	Jacobsthal sequence (or Jacobsthal numbers): a(n) = a(n-1) + 2*a(n-2), with a(0) = 0, a(1) = 1; also a(n) = nearest integer to 2^n/3.	tree castles of height 3: T_3(w) = J_{w+2} (Jacobsthal)
A001047	count	a(n) = 3^n - 2^n.	h^w - (h-1)^w at h=3: total h=3 castles
A001076	metallic	Denominators of continued fraction convergents to sqrt(5).	denominators of CF convergents to √5; copper Fibonacci-3 sequence
A001077	metallic	Numerators of continued fraction convergents to sqrt(5).	numerators of CF convergents to √5
A001168	supporting	Number of fixed polyominoes with n cells.	fixed polyominoes
A001169	supporting	Number of board-pile polyominoes with n cells.	board-pile polyominoes (horizontally convex)
A001235	supporting	Taxi-cab numbers: sums of 2 cubes in more than 1 way.	1729 = F(6,4) is the first term; no other taxicab number is a castle count for w,h <= 40
A001263	count	Triangle of Narayana numbers T(n,k) = C(n-1,k-1)*C(n,k-1)/k with 1 <= k <= n, read by rows. Also called the Catalan triangle.	tower Narayana polynomial coefficients
A001333	metallic	Pell-Lucas numbers: numerators of continued fraction convergents to sqrt(2).	numerators of CF convergents to √2 (Pell-Lucas)
A001353	count	a(n) = 4*a(n-1) - a(n-2) with a(0) = 0, a(1) = 1.	sink-model sandpile group order (spanning trees) of the 2-wide ladder castle, lying down (2,...,2) of width n or standing up (n,n): |K_sink| = A001353(n), cyclic
A001519	count	a(n) = 3*a(n-1) - a(n-2) for n >= 2, with a(0) = a(1) = 1.	convex castles (stack polyominoes) by semi-perimeter: anti-diagonal sums of C(2h+w-3, w-1)
A001523	count	Number of stacks, or planar partitions of n; also number of weakly unimodal compositions of n.	convex castles by area (weakly unimodal compositions)
A001591	count	Pentanacci numbers: a(n) = a(n-1) + a(n-2) + a(n-3) + a(n-4) + a(n-5), a(0)=a(1)=a(2)=a(3)=0, a(4)=1.	bounded-height castles by area, height ≤ 5: pentanacci, `=A001591(A+4)`
A001608	plastic	Perrin sequence (or Perrin numbers, or Ondrej Such sequence): a(n) = a(n-2) + a(n-3) with a(0) = 3, a(1) = 0, a(2) = 2.	Perrin (plastic Lucas / trace)
A001803	supporting	Numerators in expansion of (1 - x)^(-3/2).	numerators of 2w C(2w,w)/4^w = B_{1/2}(box) / h, the half-order block count of a box castle (fractional-block-count)
A001835	count	a(n) = 4*a(n-1) - a(n-2), with a(0) = 1, a(1) = 1.	tide-model sandpile group order of the 2-wide ladder standing up (n,n): |K_tide| = A001835(n), cyclic
A001906	count	F(2n) = bisection of Fibonacci sequence: a(n) = 3*a(n-1) - a(n-2).	tide-model sandpile group order of the 2-wide ladder lying down (2,...,2) of width n: |K_tide| = A001906(n), cyclic; also the Cartier-Foata reciprocal of the interval-piece heap; also the even-Fibonacci mode m_w of the height-3 castle's sink group (Dhar-Ruelle-Sen-Verma Appendix A)
A001924	supporting	Apply partial sum operator twice to Fibonacci numbers.	one-peak castles of area n+1: (1^a, X, 1^b) with X free of height-1 columns
A001950	count	Upper Wythoff sequence (a Beatty sequence): a(n) = floor(n*phi^2), where phi = (1+sqrt(5))/2.	positions of the height-2 columns of the Fibonacci castle whose tower is a prefix of the Fibonacci word
A002203	metallic	Companion Pell numbers: a(n) = 2*a(n-1) + a(n-2), a(0) = a(1) = 2.	companion Pell (trace of Pell)
A002426	supporting	Central trinomial coefficients: largest coefficient of (1 + x + x^2)^n.	unconstrained U/R/D words returning to height 0; Motzkin is the ballot-restricted version
A002596	supporting	Numerators in expansion of sqrt(1+x). Absolute values give numerators in expansion of sqrt(1-x).	numerators of the half-order Grunwald-Letnikov weights (-1)^k C(1/2,k) (fractional-block-count)
A002620	count	Quarter-squares: a(n) = floor(n/2)*ceiling(n/2). Equivalently, a(n) = floor(n^2/4).	two-block castles of area n (1^a 2^m 1^c)
A002624	count	Expansion of (1-x)^(-3) * (1-x^2)^(-2).	three-block two-peak castles of area n+5
A002718	supporting	Number of bicoverings of an n-set.	Bender's c((0,n)): partitions of a multiset with every element twice, no repeated blocks, no repeated element in a block
A002997	supporting	Carmichael numbers.	first four terms 561, 1105, 1729, 2465 are all castle counts: odd(3,34), A(4,7), F(6,4), A(4,9)
A003024	supporting	Number of acyclic digraphs (or DAGs) with n labeled nodes.	strip rules with all eigenvalues real and positive, i.e. I + nilpotent: 3, 25, 543 at heights 2, 3, 4 (fractional-width-and-height)
A003072	supporting	Numbers that are the sum of 3 positive cubes.	castle counts as sums of three positive cubes: 56 of 552 even counts with w >= 4 below 10^8 (background rate); F(4,2) = 1+1+8, F(6,3) = 27+64+216, F(5,8) = 13^3+14^3+16^3
A003188	supporting	Decimal equivalent of Gray code for n.	reflected Gray code (Knuth Algorithm G); the castle Gray code thread
A003325	supporting	Numbers that are the sum of 2 positive cubes.	F(6,4) = 1729 and F(4,85) = 5^3 + 93^3 are the only nondegenerate two-cube even counts below 10^9; height-2 row gives 2c^3 at w = 5 (mod 12) and c^3 + d^3 at w = 19 (mod 24)
A003410	count	Expansion of (1+x)(1+x^2)/(1-x-x^3).	binary words with no 11 and no 0000; (1,3)-RLL Fibonacci castles of width w number A003410(w) for w >= 4
A003622	supporting	The Wythoff compound sequence AA: a(n) = floor(n*phi^2) - 1, where phi = (1+sqrt(5))/2.	positions (from 0) of the 1s of the Fibonacci word: height-2 columns of the Fibonacci-word castle
A003688	metallic	a(n) = 3*a(n-1) + a(n-2), with a(1)=1 and a(2)=4.	bronze free strip (`h=4`), `4, 13, 43, 142, 469, …`, growth `(3+√13)/2`
A003849	count	The infinite Fibonacci word (start with 0, apply 0->01, 1->0, take limit).	every prefix is a Fibonacci tower (tower of a Fibonacci castle)
A004148	count	Generalized Catalan numbers: a(n+1) = a(n) + Sum_{k=1..n-1} a(k)*a(n-1-k).	drops-at-most-1 castles ending at height 1 by semi-perimeter, `=a(s-1)` (peakless Motzkin)
A004149	count	Generalized Catalan numbers: a(n+1) = a(n) + Sum_{k=2..n-1} a(k)*a(n-1-k).	tower word growth (algebraic GF, growth 1+√2)
A004254	count	a(n) = 5*a(n-1) - a(n-2) for n > 1, a(0) = 0, a(1) = 1.	the second mode of the height-3 castle (3,...,3) of width w: |K_sink| = |K_tide((2,...,2))| * A004254(w) = F(2w) * A004254(w) (Dhar-Ruelle-Sen-Verma Appendix A)
A005060	count	a(n) = 5^n - 4^n.	h^w - (h-1)^w at h=5
A005061	count	a(n) = 4^n - 3^n.	h^w - (h-1)^w at h=4
A005062	count	a(n) = 6^n - 5^n.	h^w - (h-1)^w at h=6
A005207	count	a(n) = (F(2*n-1) + F(n+1))/2 where F(n) is a Fibonacci number.	Motzkin-path castles of height ≤ 4, `=a(w-1) = (F(2w-3)+F(w))/2`, growth φ²
A005251	count	a(0) = 0, a(1) = a(2) = a(3) = 1; thereafter, a(n) = a(n-1) + a(n-2) + a(n-4).	**four linked castle readings** (the multi-interpretation hub on [[castle-sequence-catalogue](pages/castle-sequence-catalogue.md)]): Hardin no-isolated-1 words / `P_even(6,L)/2^L`; tree castles by area (`h→∞`); tower-spacing `(h=2,g=2)`; unified by [[a005251-bijection](pages/a005251-bijection.md)]
A005252	count	a(n) = Sum_{k=0..floor(n/4)} binomial(n-2k,2k).	minimum-tower-spacing `(h=2, g=3)` castles, `a(w+3)`; golden growth
A005253	count	Number of binary words of length n in which the ones occur only in blocks of length at least 4.	minimum-tower-spacing `(h=2, g=4)` castles, `a(w+3)`
A005408	count	The odd numbers: a(n) = 2*n + 1.	tower Narayana coefficient row
A005436	supporting	Number of convex polygons of perimeter 2n on square lattice.	convex polyominoes by perimeter (Delest-Viennot)
A005598	count	a(n) = 1 + Sum_{i=1..n} (n-i+1)*phi(i).	balanced binary words (finite Sturmian words) of length n; twice the balanced Fibonacci castles
A005683	count	Numbers of Twopins positions.	tree castles (trivial sandpile group) of n cells, mirror images removed: (A005251(n+2) + A000931(n+6))/2, agreement through n = 26
A005689	count	Number of Twopins positions.	minimum-tower-spacing `(h=2, g=5)` castles, `a(w+6)`
A005773	count	Number of directed animals of size n (or directed n-ominoes in standard position).	1-smooth castles with first column at height 1 (Motzkin prefixes), `=a(w)`
A005891	count	Centered pentagonal numbers: (5n^2+5n+2)/2; crystal ball sequence for 3.3.3.4.4. planar net.	tower Narayana coefficient row
A005917	supporting	Rhombic dodecahedral numbers: n^4 - (n-1)^4.	A(4,h) = h^4 - (h-1)^4; contains the Carmichael numbers 1105 (h=7) and 2465 (h=9)
A006130	count	a(n) = a(n-1) + 3*a(n-2) for n > 1, a(0) = a(1) = 1.	tree castles of height 4: T_4(w) = a(w+1)
A006131	count	a(n) = a(n-1) + 4*a(n-2), a(0) = a(1) = 1.	tree castles of height 5: T_5(w) = a(w+1)
A006190	metallic	a(n) = 3*a(n-1) + a(n-2), with a(0)=0, a(1)=1.	bronze metallic sequence: a(n) = 3a(n-1) + a(n-2)
A006497	metallic	a(n) = 3*a(n-1) + a(n-2) with a(0) = 2, a(1) = 3.	trace sequence for bronze
A006498	metallic	a(n) = a(n-1) + a(n-3) + a(n-4), a(0) = a(1) = a(2) = 1, a(3) = 2.	tree castles of height 3 by area: T_(h=3)(A) = A006498(A+1); GF denominator factors as (1+q^2)(1-q-q^2), giving golden growth
A006958	supporting	Number of parallelogram polyominoes with n cells (also called staircase polyominoes, although that term is overused).	parallelogram polyominoes by area, the q-Bessel rung
A007318	supporting	Pascal's triangle read by rows: C(n,k) = binomial(n,k) = n!/(k!*(n-k)!), 0 <= k <= n.	the binomial toolkit behind every binomial castle count
A007323	supporting	Number of numerical semigroups of genus n; conjecturally also the number of power sum bases for symmetric functions in n variables.	the coin/semigroup branch of the block-count trichotomy; golden-ratio growth (Zhai 2013)
A007440	supporting	Reversion of g.f. for Fibonacci numbers 1, 1, 2, 3, 5, ....	reversion of Fibonacci GF; `±` the signed Motzkin-path castle count (via A343773)
A007482	count	a(n) is the number of subsequences of [ 1, ..., 2n ] in which each odd number has an even neighbor.	anchored 2-smooth strips with ceiling 4 (first column 1), `=a(w-1)`
A007814	supporting	Exponent of highest power of 2 dividing n, a.k.a. the binary carry sequence, the ruler sequence, or the 2-adic valuation of n.	Knuth's ruler function ρ(k), the bit to flip in Gray-code generation
A008277	supporting	Triangle of Stirling numbers of the second kind, S2(n,k), n >= 1, 1 <= k <= n.	Knuth's binomial-coefficient toolkit (powers ↔ falling factorials)
A008302	supporting	Triangle of Mahonian numbers T(n,k): coefficients in expansion of Product_{i=0..n-1} (1 + x + ... + x^i), where k ranges from 0 to A000217(n-1). Also enumerates permutations by their major index.	rainbow castles (w = h, skyline a permutation) graded by skyline inversions
A009545	count	Expansion of e.g.f. sin(x)*exp(x).	-P_odd(1,L): even-block minus odd-block castles of width L and height 2 whose last column reaches height 2
A010892	supporting	Inverse of 6th cyclotomic polynomial. A period 6 sequence.	period-6 cyclotomic (P_odd(4,L)/2^L)
A011782	count	Coefficients of expansion of (1-x)/(1-2*x) in powers of x.	all castles by area (unrestricted compositions): 2^(n-1)
A014105	count	Second hexagonal numbers: a(n) = n*(2*n + 1).	even-block castles of width 3 and odd height: F(3, 2m+1) = A014105(m)
A014448	metallic	Even Lucas numbers: a(n) = L(3*n).	even Lucas: trace for copper (a=4)
A014493	metallic	Odd triangular numbers.	odd triangular numbers (row of A352116)
A015448	metallic	a(0) = 1, a(1) = 1, and a(n) = 4*a(n-1) + a(n-2) for n >= 2.	copper free strip (`h=5`), `=F_{3n+5}` trisection, growth `φ³`
A015449	metallic	Expansion of (1-4*x)/(1-5*x-x^2).	nickel free strip (`h=6`), `6, 31, 161, 836, 4341, …`, growth `(5+√29)/2`
A015530	count	Expansion of x/(1 - 4*x - 3*x^2).	anchored 3-smooth strips with ceiling 5 (first column 1), `=a(w)`
A015537	count	Expansion of x/(1 - 5*x - 4*x^2).	anchored 4-smooth strips with ceiling 6 (first column 1), `=a(w)`
A020554	supporting	Number of multigraphs on n labeled edges (without loops).	Bender's v((0,n)): every element twice, repeated blocks allowed, no repeated element in a block
A020555	supporting	Number of multigraphs on n labeled edges (with loops). Also number of genetically distinct states amongst n individuals.	Bender's v*((0,n)): all partitions of a multiset with every element twice
A023431	count	Generalized Catalan Numbers x^3*A(x)^2 + (x-1)*A(x) + 1 =0.	Motzkin-path castles by semi-perimeter, `=a(s-2)`
A023432	supporting	Number of Dyck n-paths with ascents and descents of length equal to 1 (mod 3).	strictly alternating bargraphs by semi-perimeter correspond to Motzkin paths with no UD, UU, DD (Deutsch-Elizalde §4.2)
A027907	supporting	Triangle of trinomial coefficients T(n,k) (n >= 0, 0 <= k <= 2*n), read by rows: n-th row is obtained by expanding (1 + x + x^2)^n.	unconstrained U/R/D words by final height, the ceiling the castle grammar prunes
A033887	metallic	a(n) = Fibonacci(3*n + 1).	F(3n+1): copper-delta convergent numerators
A034182	supporting	Number of not-necessarily-symmetric n X 2 crossword puzzle grids.	polyominoes with bounding box 2 × n (`I(2, n) = Q_{n+1} − 2`)
A034184	supporting	Not necessarily symmetric n X 3 crossword puzzle grids.	polyominoes with bounding box 3 × n
A034187	supporting	Not necessarily symmetric n X 4 crossword puzzle grids.	polyominoes with bounding box 4 × n
A034839	supporting	Triangular array formed by taking every other term of each row of Pascal's triangle.	Pascal every-other row (binomial identity)
A036038	supporting	Triangle T(n,k) read by rows: multinomial coefficients for the partitions of n listed in Abramowitz-Stegun order, 1 <= k <= A000041(n).	multiset-permutation counts (Knuth Vol. 1 / Vol. 3)
A038503	count	Sum of every 4th entry of row n in Pascal's triangle, starting at "n choose 0".	odd(w,2) + 1: odd-block height-2 castles (castle comment on OEIS, Oct 2026)
A038504	supporting	Sum of every 4th entry of row n in Pascal's triangle, starting at "n choose 1".	sum of every 4th binomial (hyperbolic family, k=1 residue)
A038505	count	Sum of every 4th entry of row n in Pascal's triangle, starting at binomial(n,2).	F(w,2): even-block height-2 castles (castle comment on OEIS, Oct 2026)
A041010	metallic	Numerators of continued fraction convergents to sqrt(8).	numerators of CF convergents to √8
A041011	metallic	Denominators of continued fraction convergents to sqrt(8).	denominators of CF convergents to √8
A041018	metallic	Numerators of continued fraction convergents to sqrt(13).	numerators of CF convergents to √13
A041019	metallic	Denominators of continued fraction convergents to sqrt(13).	denominators of CF convergents to √13
A041030	metallic	Numerators of continued fraction convergents to sqrt(20).	numerators of CF convergents to √20
A041031	metallic	Denominators of continued fraction convergents to sqrt(20).	denominators of CF convergents to √20
A041046	metallic	Numerators of continued fraction convergents to sqrt(29).	numerators of CF convergents to √29
A041047	metallic	Denominators of continued fraction convergents to sqrt(29).	denominators of CF convergents to √29
A045623	supporting	Number of 1's in all compositions of n+1.	total height-1 columns over castles of area n; mean prime-factor count (n+6)/4
A046161	supporting	a(n) = denominator of binomial(2n,n)/4^n.	denominators of the half-order Grunwald-Letnikov weights and of the chain-rule half-column C(2k,k)/4^k (fractional-block-count, fractional-width-and-height)
A049346	supporting	Coefficient of x^(-n) in expansion of continued fraction 0, x, x^2, x^3, x^4, ... .	height-signed parallelogram polyominoes by area are `-A049346(n)`
A049703	count	a(0) = 0; for n>0, a(n) = A005598(n)/2.	balanced Fibonacci castles of width w (tower balanced): A049703(w)
A050794	supporting	Diophantine equation x^3 + y^3 = z^3 + 1 with 1 < x < y < z ("Fermat near misses").	1729 = 9^3+10^3 = 12^3+1 is the first term; the n=-1 row of Ramanujan's recurrence
A051028	supporting	Ramanujan's a-series: expansion of (1+53x+9x^2)/(1-82x-82x^2+x^3).	near-miss family a_n^3+b_n^3 = c_n^3+(-1)^n; growth delta_9^2, the ninth metallic mean squared (height-10 ceiling-exception strip)
A051029	supporting	Ramanujan's b-series: expansion of (2-26x-12x^2)/(1-82x-82x^2+x^3).	b-series of the near-miss family; same denominator (1+x)(1-83x+x^2)
A051030	supporting	Ramanujan's c-series: expansion of (2+8x-10x^2)/(1-82x-82x^2+x^3).	c-series of the near-miss family; Berlekamp-Massey on c_0..c_11 recovers the order-3 recurrence
A051337	supporting	Number of strongly connected tournaments on n nodes.	the strong tournaments among which Tetali's four basic unique tournaments sit (1 of 1, 1 of 1, 1 of 6 at n = 3, 4, 5; 0 of 35, 0 of 353 at n = 6, 7)
A052918	metallic	a(0) = 1, a(1) = 5, a(n+1) = 5*a(n) + a(n-1).	nickel metallic sequence: a(n) = 5a(n-1) + a(n-2)
A052924	metallic	Expansion of g.f.: (1-x)/(1 - 3*x - x^2).	bronze delta-1 CF numerators: (1-x)/(1-3x-x²)
A057960	count	Number of base-5 (n+1)-digit numbers starting with a zero and with adjacent digits differing by one or less.	anchored 1-smooth strips with ceiling 5 (first column 1, heights 1..5), `=a(w-1)`
A060006	plastic	Decimal expansion of real root of x^3 - x - 1 (the plastic constant).	decimal expansion of plastic constant ψ
A060464	supporting	Numbers that are not congruent to 4 or 5 mod 9.	the conjectural sums of three cubes; F(w,h) mod 9 periodic in both directions, so membership of castle counts is decided cell by cell
A060465	supporting	Smallest solution x of x^3 + y^3 + z^3 = n for n in A060464.	companion table of smallest three-cube representations; not deep enough (58 terms) to cover the castle counts 367, 439, 903
A060466	supporting	Smallest solution y of x^3 + y^3 + z^3 = n for n in A060464.	companion table of smallest three-cube representations
A060467	supporting	Smallest solution z of x^3 + y^3 + z^3 = n for n in A060464.	companion table of smallest three-cube representations
A060486	supporting	Tricoverings of an n-set.	Bender's c((0,0,n)): every element three times, no repeated blocks, no repeated element in a block
A063490	count	a(n) = (2*n - 1)*(7*n^2 - 7*n + 6)/6.	tower Narayana coefficient row
A063496	count	a(n) = (2*n - 1)*(8*n^2 - 8*n + 3)/3.	P(2m,4) bisection: C_3 lattice crystal-ball sequence
A067675	supporting	Number of fixed convex polyominoes with n cells.	convex polyominoes by area; the convex castle with a floating base
A067676	supporting	Number of fixed directed convex polyominoes with n cells.	directed convex polyominoes by area
A069010	supporting	Number of runs of 1's in the binary representation of n.	runs in a row, the Catalan index in Marin's state count
A077868	count	Expansion of 1/((1-x)*(1-x-x^3)).	tree castles of height 2 with n cells: the term A077868(n-2), n >= 2; spaced Fibonacci castles of width w: A077868(w-1)
A079816	count	Number of permutations satisfying -k <= p(i)-i <= r and p(i)-i not in I, i=1..n, with k=1, r=5, I={1}.	tree castles of height <= 5 by area: A079816(A+1), compositions of A+1 into {1,3,4,5,6}
A080860	count	a(n) = 10*n^2 + 5*n + 1.	odd(3, 2n+1) = 5 C(2n+1, 2) + 1 exactly; its negative-index half 10m^2 - 5m + 1 is F(3, 2m) = 6, 31, 76, 141, ..., not in OEIS (novel candidate)
A080934	count	Square array read by antidiagonals of number of Catalan paths (nonnegative, starting and ending at 0, step +-1) of 2n steps with all values less than or equal to k.	Dyck-path castles of height at most h by width: T((w-1)/2, h-1)
A080936	count	Triangle read by rows: T(n,k) is the number of Dyck paths of semilength n and height k (1 <= k <= n).	Dyck-path castles by (w, h): T((w-1)/2, h-1)
A082582	count	Expansion of (1 + x^2 - sqrt( 1 - 4*x + 2*x^2 + x^4)) / (2*x) in powers of x.	castles (bargraphs) by semi-perimeter w + #blocks; growth tribonacci squared
A085810	count	Number of three-choice paths along a corridor of height 5, starting from the lower side.	anchored 1-smooth strips with ceiling 6 (first column 1, heights 1..6), `=a(w)`
A086510	supporting	Number of n X n real (0,1)-matrices with all eigenvalues >= 0.	strip rules with a real principal square root: 13, 261, 15418 at heights 2, 3, 4 (fractional-width-and-height)
A087130	metallic	a(n) = 5*a(n-1)+a(n-2) for n>1, a(0)=2, a(1)=5.	trace for nickel (a=5)
A091964	supporting	Number of left factors of peakless Motzkin paths of length n.	peakless Motzkin meanders by length (Prodinger 2025, printed there as "valleyless"); rule-relaxed tower words with only the zero-width-block rule dropped, open end
A094286	count	Number of (s(0), s(1), ..., s(n)) such that 0 < s(i) < 6 and |s(i) - s(i-1)| <= 1 for i = 1,2,...,n, s(0) = 1, s(n) = 1.	Motzkin-path castles of height ≤ 5, `=a(w-1)`, growth 1+√3
A094574	supporting	Number of (<=2)-covers of an n-set.	Bender's c*((0,n)): every element twice, no repeated blocks, repeated elements in a block allowed
A094706	count	Convolution of Pell(n) and 2^n.	Pell castles (exact height 3, first column 1, 1-smooth) of width w: A094706(w-2) = P⋆_w - 2^(w-1)
A096368	supporting	Number of unlabeled regular tournaments with 2n+1 nodes.	1, 1, 3 at 3, 5, 7 nodes: the regular score vectors (1,1,1), (2,2,2,2,2) are unique, (3,3,3,3,3,3,3) has three realizers
A097701	count	Expansion of 1/((1-x)^2*(1-x^2)^2*(1-x^3)).	three-block one-peak castles of area n+3
A097862	count	Triangle read by rows: T(n,k) is the number of Motzkin paths of length n and height k (n>=0, k>=0).	Motzkin-path castles by (w, h): T(w-1, h-1)
A098574	count	a(n) = Sum_{k=0..floor(n/7)} C(n-5*k,2*k).	minimum-tower-spacing `(h=2, g=6)` castles, `a(w+6)`
A100237	metallic	Secondary diagonal of triangle A100235 divided by row number: a(n) = A100235(n+1,n)/(n+1) for n >= 0.	nickel delta-1 CF numerators: (1-x)/(1-5x-x²)
A105422	supporting	Triangle read by rows: T(n,k) is the number of compositions of n having exactly k parts equal to 1.	prime-factor counts of castles by area (k+1 factors for k height-1 columns)
A106514	count	Expansion of (1-x)/((1-2*x)*(1-2*x-x^2)).	1-smooth castles of exact height 3 of width w: A106514(w-1)
A107587	count	Number of Motzkin n-paths with an even number of up steps.	odd-block Motzkin-path castles (even Motzkin paths), `=a(w-1)`
A107920	supporting	Lucas and Lehmer numbers with parameters (1 +- sqrt(-7))/2.	Lucas-Lehmer with (1±√-7)/2 (P_odd(2,L) at k=2)
A112742	count	a(n) = n^2*(n^2 - 1)/3.	A_5(k): alternating part of P(k,5) quasi-polynomial
A115981	count	The number of compositions of n which cannot be viewed as stacks.	non-convex castles by area
A132393	supporting	Triangle of unsigned Stirling numbers of the first kind (see A048994), read by rows, T(n,k) for 0 <= k <= n.	[n,1] = (n−1)!, the cycle-count anchor of the castle triad
A140662	supporting	Number of possible column states for self-avoiding polygons in a slit of width n.	state count of a polygon automaton, cited beside Marin's
A146559	count	Expansion of (1-x)/(1 - 2*x + 2*x^2).	P(1,L): signed tower count at k=1, Re((1+i)^{L+1}); = A038503 − A038505 (on OEIS)
A156638	supporting	Numbers that are congruent to 4 or 5 mod 9.	the excluded residues; F(w,2) lands here iff w = 9 (mod 12), F(3,h) iff h = 4, 6 (mod 18), A(3m,h) never
A160747	count	Expansion of (1 + 10*x + 20*x^2 + 10*x^3 + x^4)/(1-x)^5.	tower Narayana coefficient row
A165434	supporting	Number of tri-coverings of a set.	Bender's v((0,0,n)): every element three times, repeated blocks allowed, no repeated element in a block
A171842	count	Binomial transform of 1,0,1,0,2,0,4,0,8,0,16,...	Motzkin-path castles of height ≤ 3 (silver rung), `=a(w-1)`
A189593	count	Number of permutations of 1..n with displacements restricted to {-6,-5,-4,-3,-2,0,1}.	tree castles of height <= 6 by area: A189593(A+1); the composition reading proves the entry's empirical recurrence
A189600	count	Number of permutations of 1..n with displacements restricted to {-7,-6,-5,-4,-3,-2,0,1}.	tree castles of height <= 7 by area: A189600(A+1)
A199833	count	Number of -n..n arrays of 4 elements with zero sum and no two neighbors summing to zero.	|P(2m+1,4)|: signed height-1 towers on length-4 base, odd k
A202882	count	Number of n X 1 0..2 arrays with every nonzero element less than or equal to some horizontal or vertical neighbor.	Hardin words at m=2: P_even(10,L)/2^L
A202889	supporting	T(n,k)=Number of nXk 0..2 arrays with every nonzero element less than or equal to some horizontal or vertical neighbor.	2D Hardin table (row axis of A202882)
A203050	count	Number of nX1 0..5 arrays with every nonzero element less than or equal to some horizontal or vertical neighbor.	Hardin words at m=5; minimum-tower-spacing `(h=6, g=2)` castles, `a(w+1)`
A203094	count	Number of nX1 0..3 arrays with every nonzero element less than or equal to some horizontal or vertical neighbor.	Hardin words at m=3: P_even(14,L)/2^L
A203184	count	Number of n X 1 0..4 arrays with every nonzero element less than or equal to some horizontal or vertical neighbor.	Hardin words at m=4: P_even(18,L)/2^L
A217878	count	Number of n-element 0..2 arrays with each element the minimum of 3 adjacent elements of a random 0..2 array of n+2 elements.	minimum-tower-spacing `(h=3, g=3)` castles: 0..2 "min of 3 adjacent" arrays
A217879	count	Number of n element 0..2 arrays with each element the minimum of 4 adjacent elements of a random 0..2 array of n+3 elements.	minimum-tower-spacing `(h=3, g=4)` castles
A217880	count	Number of n element 0..2 arrays with each element the minimum of 5 adjacent elements of a random 0..2 array of n+4 elements.	minimum-tower-spacing `(h=3, g=5)` castles
A217881	count	Number of n element 0..2 arrays with each element the minimum of 6 adjacent elements of a random 0..2 array of n+5 elements.	minimum-tower-spacing `(h=3, g=6)` castles
A217883	supporting	T(n,k) = number of n-element 0..2 arrays with each element the minimum of k adjacent elements of a random 0..2 array of n+k-1 elements.	the `h=3` row of the minimum-tower-spacing `(h,g)` table
A217949	count	Number of n-element 0..3 arrays with each element the minimum of 3 adjacent elements of a random 0..3 array of n+2 elements.	minimum-tower-spacing `(h=4, g=3)` castles: 0..3 "min of 3 adjacent" arrays
A217950	count	Number of n element 0..3 arrays with each element the minimum of 4 adjacent elements of a random 0..3 array of n+3 elements.	minimum-tower-spacing `(h=4, g=4)` castles
A217951	count	Number of n element 0..3 arrays with each element the minimum of 5 adjacent elements of a random 0..3 array of n+4 elements.	minimum-tower-spacing `(h=4, g=5)` castles
A217952	count	Number of n element 0..3 arrays with each element the minimum of 6 adjacent elements of a random 0..3 array of n+5 elements.	minimum-tower-spacing `(h=4, g=6)` castles
A217954	supporting	T(n,k) = number of n-element 0..3 arrays with each element the minimum of k adjacent elements of a random 0..3 array of n+k-1 elements.	the `h=4` row of the minimum-tower-spacing `(h,g)` table
A226136	count	Positions of the positive integers in the ordering of rational numbers as generated by the rules: 1 is in S, and if nonzero x is in S, then x+1 and -1/x are in S.	conjecturally A003410(n) for n >= 4; its conjectured g.f. is the (1,3)-RLL Fibonacci castle g.f.
A226321	supporting	Number of real {0,1} matrices n X n which are the square of a {0,1} matrix.	strip rules that are two half-columns of a 0/1 rule: 8, 88, 3245 at heights 2, 3, 4 (fractional-width-and-height)
A227310	supporting	G.f.: 1/G(0) where G(k) = 1 + (-q)^(k+1) / (1 - (-q)^(k+1)/G(k+1) ).	absolute values of height-signed parallelograms by area; growth 1.23729
A228457	count	Number of arrays of maxima of three adjacent elements of some length n+2 0..4 array.	minimum-tower-spacing `(h=5, g=3)` castles (maxima = minima by complement)
A228458	count	Number of arrays of maxima of three adjacent elements of some length n+2 0..5 array.	minimum-tower-spacing `(h=6, g=3)` castles (maxima = minima by complement)
A228461	supporting	Two-dimensional array read by antidiagonals: T(n,k) = number of arrays of maxima of three adjacent elements of some length n+2 0..k array.	the `g=3` column of the minimum-tower-spacing `(h,g)` table
A253943	count	a(n) = 3*binomial(n+1,6).	height-3 castles of width n-2 with 4 blocks
A271940	count	Triangle read by rows: T(n,k) is the number of bargraphs of semiperimeter n having k peaks (n >= 2, k >= 1).	castles (bargraphs) by semi-perimeter and peaks; the anti-diagonals n - k = m sum to the Catalan number C_m (Deutsch-Elizalde 2017)
A271942	count	Triangle read by rows: T(n,k) is the number of bargraphs of semiperimeter n having width k (n>=2, k>=1).	castles by (semi-perimeter, width): tower Narayana T(w, s-w-1) re-indexed
A273342	supporting	Triangle read by rows: T(n,k) is the number of bargraphs of semiperimeter n having length of first column k (n>=2, k>=1).	bargraphs by semi-perimeter and first-column height; first of the Deutsch-Elizalde statistic sequences A273342-A276068
A273905	count	Number of symmetric bargraphs having semiperimeter n (n>=2).	palindromic castles by semi-perimeter (symmetric bargraphs, Deutsch-Elizalde §4.1)
A276068	supporting	Sum of the lengths of the first descents in all bargraphs having semiperimeter n (n>=2). A descent is a maximal sequence of consecutive down steps.	total first-descent length over bargraphs of each semi-perimeter; last of the Deutsch-Elizalde statistic range A273342-A276068
A276994	supporting	Decimal expansion of the Klarner-Rivest polyomino constant.	growth constant 2.30913... of parallelogram, directed convex and convex polyominoes by area
A283595	count	Triangle read by rows: T(n,k) is the number of Motzkin prefixes (i.e., left factors of Motzkin paths) of length n and height k.	anchored 1-smooth castles by (w, h): T(w-1, h-1); column 2 is the Pell castles
A292357	supporting	Array read by antidiagonals: T(m,n) is the number of fixed polyominoes that have a width of m and height of n.	`I(w, h)`, the inscribed polyominoes; castles are its bargraphs
A308435	supporting	Peak- and valleyless Motzkin meanders.	cornerless Motzkin meanders by length: tower-word prefixes, a castle interrupted mid-build (Prodinger 2025)
A319591	supporting	Number of nonnegative integer matrices with n columns and any number of nonzero distinct rows with every column summing to 3 up to permutation of rows.	Bender's c*((0,0,n)): every element three times, no repeated blocks
A322487	supporting	Number of (3*n) X n matrices with nonnegative integer entries and each column sum being 3 up to permutation of rows.	Bender's v*((0,0,n)): all partitions of a multiset with every element three times
A325668	supporting	First term of n-th difference sequence of (floor(k*r)), r = sqrt(5), k >= 0.	false positive rejected by the first OEIS mining pass (a "sqrt(5) difference" sequence agreeing on a few terms of a castle distribution)
A325842	supporting	First term of n-th difference sequence of (round(k*sqrt(5))), k >= 0.	false positive rejected by the first OEIS mining pass (a "sqrt(5) difference" sequence agreeing on a few terms of a castle distribution)
A329398	count	Number of compositions of n with uniform Lyndon factorization and uniform co-Lyndon factorization.	monotone castles by area, 2p(n) - d(n) (interlink via Wiseman conjecture)
A332578	count	Number of compositions of n whose negation is unimodal.	valley castles by area
A332669	count	Number of compositions of n whose negation is not unimodal.	not-unimodal compositions
A332834	count	Number of compositions of n that are neither weakly increasing nor weakly decreasing.	non-monotone castles by area
A342528	count	Number of compositions with alternating parts weakly decreasing (or weakly increasing).	convex castles of area n+1 whose first column is not 1 (first difference of A001523)
A343386	count	Number of odd Motzkin n-paths, i.e., Motzkin n-paths with an odd number of up steps.	even-block Motzkin-path castles, F on the Motzkin strip (odd Motzkin paths), `=a(w-1)`
A343773	count	Excess of the number of even Motzkin n-paths (A107587) over the odd ones (A343386).	signed Motzkin-path castles Σ(-1)^blocks `= -a(w-1)`; Gaussian growth |1±2i| = √5
A352116	count	Partial sums of the odd triangular numbers (A014493).	|P(k,4)|: partial sums of odd triangular numbers
A378947	supporting	Number of row states in an automaton for the enumeration of the number of fixed polyominoes with bounding box of width n.	states of Marin's row automaton; the castle strip needs h
